PLACAS,TAG
672DX5,CVTAF0000145
02AD8E,CVTAF0000076
844AH1,CVTAF0000531
855AH1,CVTAF0000605
020AE9,CVTAF0000190
25AR1F,CVTAF0001057
541AK4,CVTAF0000084
XU77181,CVTAF0000221
059AH2,CVTAF0000113
885DX5,CVTAF0000060
XT36541,CVTAF0000412
504AE2,CVTAF0000124
RE76946,CVTAF0000432
XU73810,CVTAF0000034
619DN1,CVTAF0000522
774DM8,CVTAF0000471
187ES4,CVTAF0000062
128DX4,CVTAF0000628
233ED6,CVTAF0000496
089BW9,CVTAF0000342
307DX5,CVTAF0000490
XW65661,CVTAF0000049
389DJ8,CVTAF0000166
616AK4,CVTAF0000551
132DL3,CVTAF0000864
401DF8,CVTAF0000648
202DM8,CVTAF0000488
650DX6,CVTAF0000379
XT13688,CVTAF0000132
MY10051,CVTAF0000983
XW72844,CVTAF0000333
XU56609,CVTAF0000396
YB9609A,CVTAF0000400
512EZ5,CVTAF0000377
764DS4,CVTAF0000216
XT78510,CVTAF0000557
XW93474,CVTAF0000059
811DX3,CVTAF0000627
XW30771,CVTAF0000228
096AR2,CVTAF0000091
XS22445,CVTAF0000273
XU77076,CVTAF0000635
XW19445,CVTAF0000944
05AD7E,CVTAF0000806
XT77023,CVTAF0000033
291DZ2,CVTAF0000720
SJ82687,CVTAF0000637
XW30529,CVTAF0000492
XW16138,CVTAF0000256
303EW2,CVTAF0000252
065EE5,CVTAF0000972
746DF6,CVTAF0000290
543DL2,CVTAF0000650
XU78366,CVTAF0000314
XU49773,CVTAF0000448
287AU6,CVTAF0000854
322EE5,CVTAF0000978
KY94066,CVTAF0000386
669DX5,CVTAF0000066
XT77206,CVTAF0000571
027AJ2,CVTAF0000800
729AR2,CVTAF0000340
344ED7,CVTAF0000668
670CA1,CVTAF0000815
630AR2,CVTAF0000140
XV43866,CVTAF0000295
XW32028,CVTAF0000235
002EP3,CVTAF0000943
846DM5,CVTAF0000643
139DZ1,CVTAF0000651
603DM2,CVTAF0000855
XW19507,CVTAF0000114
151AR3,CVTAF0000160
SK29342,CVTAF0000553
696ED7,CVTAF0000662
82AD4Y,CVTAF0000534
664AK6,CVTAF0000108
219EZ2,CVTAF0000063
MKZ7911,CVTAF0000401
457DZ1,CVTAF0000684
872AT4,CVTAF0000123
XT79187,CVTAF0000568
XT10694,CVTAF0000237
950FC8,CVTAF0000705
536EF8,CVTAF0000687
822EF7,CVTAF0000675
XT79215,CVTAF0000198
163AU1,CVTAF0000913
192BZ5,CVTAF0000055
XW20818,CVTAF0000369
536ES5,CVTAF0000738
356FC4,CVTAF0000307
303EN1,CVTAF0000786
MHB9485,CVTAF0000862
LB61423,CVTAF0000505
781AG2,CVTAF0000739
14AE9N,CVTAF0000248
948EU8,CVTAF0000135
XT13648,CVTAF0000796
960EU8,CVTAF0001304
XW74581,CVTAF0000260
391ES5,CVTAF0000774
006AF7,CVTAF0000671
XW31131,CVTAF0000320
XW76473,CVTAF0000246
931AR2,CVTAF0000555
XV95575,CVTAF0000658
758DM8,CVTAF0000428
YKK8987,CVTAF0000700
728ET7,CVTAF0000660
531ET7,CVTAF0000977
592DM2,CVTAF0000921
032DD4,CVTAF0000552
XU53890,CVTAF0000179
20983,CVTAF0000099
RH79347,CVTAF0000239
XW87328,CVTAF0000022
XW18166,CVTAF0000835
SRY6825,CVTAF0000422
XT78909,CVTAF0000317
888DW5,CVTAF0000852
WJ04756,CVTAF0000240
SL53277,CVTAF0000363
602ES6,CVTAF0000695
455AS6,CVTAF0000418
YHJ5741,CVTAF0000499
458AE3,CVTAF0000170
XW17125,CVTAF0000263
517EU2,CVTAF0000005
428ES4,CVTAF0000563
YA7109A,CVTAF0001315
XT22515,CVTAF0000298
XW55266,CVTAF0000313
XW32296,CVTAF0000620
LA62869,CVTAF0000309
1XEX601,CVTAF0000402
XT78508,CVTAF0000546
XW76263,CVTAF0000343
VS68818,CVTAF0000868
XU63016,CVTAF0000355
114DH6,CVTAF0000952
XT79034,CVTAF0000168
YKP5625,CVTAF0000790
900AT8,CVTAF0000249
XG7026A,CVTAF0000749
XW23708,CVTAF0000232
60AC7M,CVTAF0000269
77AA3V,CVTAF0000064
930EZ1,CVTAF0000762
XT76742,CVTAF0000271
744EZ2,CVTAF0000208
XW32374,CVTAF0000832
484DX7,CVTAF0000728
XT13650,CVTAF0000574
RE28381,CVTAF0000875
XS27565,CVTAF0000089
XW19092,CVTAF0000057
XB65481,CVTAF0000362
599ES6,CVTAF0000710
722DN5,CVTAF0000805
539AE1,CVTAF0000569
XX07206,CVTAF0000004
404EZ2,CVTAF0000025
XT83474,CVTAF0000227
XU54486,CVTAF0000181
XW29380,CVTAF0000046
301ES6,CVTAF0000836
XW22763,CVTAF0000475
608ET7,CVTAF0000404
YL2137A,CVTAF0000435
970AD9,CVTAF0000419
XV88395,CVTAF0000382
XX24243,CVTAF0000487
RH96160,CVTAF0000373
XW73057,CVTAF0000389
XU70306,CVTAF0000421
XT79318,CVTAF0000182
XX06683,CVTAF0000410
XX15163,CVTAF0000559
68AA5V,CVTAF0000564
390ES4,CVTAF0000088
017DN3,CVTAF0000365
712EZ3,CVTAF0000957
XW28058,CVTAF0000477
XV90843,CVTAF0000383
FMTA3,CVTAF0000097
YJN8521,CVTAF0000811
996EX5,CVTAF0000358
091DN1,CVTAF0000414
07AC5N,CVTAF0000494
543AG4,CVTAF0000955
897AE8,CVTAF0000287
XU16532,CVTAF0000270
XK88559,CVTAF0000872
627EZ6,CVTAF0000359
854DM5,CVTAF0000984
62AD7C,CVTAF0000850
XV44607,CVTAF0000250
57AB9Z,CVTAF0000424
XW44234,CVTAF0000211
44AD6A,CVTAF0000934
XV74773,CVTAF0000394
YKZ8484,CVTAF0000372
XV74258,CVTAF0000406
YJB1488,CVTAF0000516
50AD7E,CVTAF0000312
89AF8A,CVTAF0000783
XW29780,CVTAF0000360
69AA7M,CVTAF0000456
23AC2A,CVTAF0000981
XW29789,CVTAF0000470
XM62992,CVTAF0000759
MWG3754,CVTAF0000917
XU23492,CVTAF0000993
KY65402,CVTAF0000647
673EX5,CVTAF0000176
793EX8,CVTAF0000467
839ES5,CVTAF0000016
H90AJR,CVTAF0000518
XX24142,CVTAF0000416
WN79689,CVTAF0000845
MU83934,CVTAF0000679
915EX8,CVTAF0000870
XX24145,CVTAF0000348
XV43446,CVTAF0000857
XX29495,CVTAF0000329
XX22954,CVTAF0000586
544EZ2,CVTAF0000292
341EW2,CVTAF0000126
486AD8,CVTAF0000840
126ES4,CVTAF0000831
593AG5,CVTAF0000015
XW23774,CVTAF0000411
LB72661,CVTAF0000500
XU16535,CVTAF0000999
1XFC880,CVTAF0000754
XX24183,CVTAF0000879
XX14667,CVTAF0000030
XU63445,CVTAF0000733
61AB9Z,CVTAF0000543
733CX9,CVTAF0000282
XX24146,CVTAF0000332
XX15352,CVTAF0000408
XW78872,CVTAF0000508
XW60997,CVTAF0000409
327YEP,CVTAF0000302
YF2127A,CVTAF0000897
XX06430,CVTAF0000777
XX15230,CVTAF0000725
XW28842,CVTAF0000324
58AB9Z,CVTAF0000480
318DX5,CVTAF0000149
508EZ5,CVTAF0000385
XW76347,CVTAF0000095
926EZ1,CVTAF0000247
670DX5,CVTAF0000065
XX13358,CVTAF0000443
27AC6P,CVTAF0000871
04AC2A,CVTAF0000277
XY00657,CVTAF0000776
VM45940,CVTAF0000788
XW29071,CVTAF0000640
LA95243,CVTAF0000856
59AB9Z,CVTAF0000966
XT53388,CVTAF0000285
XX38036,CVTAF0000638
521AS1,CVTAF0000820
XB72983,CVTAF0000745
53AF8C,CVTAF0000772
095EZ4,CVTAF0000791
XX37799,CVTAF0000834
04AD3H,CVTAF0000841
73AF6L,CVTAF0000631
YLC3367,CVTAF0000611
703EV3,CVTAF0000541
LB83575,CVTAF0000657
38AF8U,CVTAF0000939
WE09555,CVTAF0000803
36AG6A,CVTAF0000859
SJ74160,CVTAF0000985
XX40333,CVTAF0000743
309EX5,CVTAF0000801
866DY2,CVTAF0000756
227EV9,CVTAF0000951
XYS071A,CVTAF0000498
55AD3Z,CVTAF0000965
HC1504A,CVTAF0000923
XU55929,CVTAF0000752
XX31522,CVTAF0000594
308DP4,CVTAF0000489
1XEX570,CVTAF0000524
XT79492,CVTAF0000468
336DL6,CVTAF0000274
02AF1E,CVTAF0000744
HG4379B,CVTAF0000550
1XEX571,CVTAF0000629
XT79287,CVTAF0000579
26AD6A,CVTAF0000979
74AF6L,CVTAF0000956
XL3820A,CVTAF0000849
37AD6A,CVTAF0000722
97AB9Z,CVTAF0000827
1XEX577,CVTAF0000523
XV73975,CVTAF0000812
57AG1G,CVTAF0000945
74AE3N,CVTAF0000714
52AF7R,CVTAF0000980
1XFC885,CVTAF0000755
XT10902,CVTAF0000576
02AB8V,CVTAF0000932
597ES6,CVTAF0000701
XV41833,CVTAF0000741
071EZ4,CVTAF0000663
LA67380,CVTAF0000454
PZJ2744,CVTAF0000339
218EU5,CVTAF0000924
10AD8H,CVTAF0000906
49AE6E,CVTAF0000948
15AB6F,CVTAF0000378
427EV2,CVTAF0000927
XW31556,CVTAF0000006
XW29980,CVTAF0000911
80AB9Z,CVTAF0000686
JP61187,CVTAF0000451
51AD3Z,CVTAF0000539
92AG3A,CVTAF0000949
XT78789,CVTAF0000209
XU74662,CVTAF0000527
XH0209A,CVTAF0000674
71AE3N,CVTAF0000829
XW19323,CVTAF0000889
XS64046,CVTAF0000673
52AF8C,CVTAF0000540
949AE2,CVTAF0000441
XW87452,CVTAF0000760
04AB3N,CVTAF0001000
XN8578A,CVTAF0001291
CX59768,CVTAF0001327
GE3913C,CVTAF0001313
478EZ2,CVTAF0001283
47AG5F,CVTAF0000207
RKZ368A,CVTAF0000961
88AM3L,CVTAF0001330
HG2843C,CVTAF0001158
43AG8H,CVTAF0001176
XT1781A,CVTAF0001512
633AE2,CVTAF0000109
279AK4,CVTAF0000107
612AE2,CVTAF0001083
15AH5D,CVTAF0001056
78AA3V,CVTAF0000120
208AK5,CVTAF0000080
613AK4,CVTAF0000117
876AH1,CVTAF0000164
077AE3,CVTAF0001061
847AH1,CVTAF0000501
666AK5,CVTAF0000630
46AC3J,CVTAF0001075
669AK5,CVTAF0000133
529DZ1,CVTAF0000338
535AK5,CVTAF0000444
456AR2,CVTAF0000115
945AE2,CVTAF0001185
822AC8,CVTAF0001135
48AY9J,CVTAF0001139
NEU3781,CVTAF0000748
XU83875,CVTAF0000242
29AR4J,CVTAF0001201
754AK3,CVTAF0001301
73AF7L,CVTAF0001235
078DN3,CVTAF0000520
015AF7,CVTAF0001938
XT22713,CVTAF0000503
920DX3,CVTAF0000447
662DX2,CVTAF0000185
042DM2,CVTAF0001629
YF6216A,CVTAF0000417
YC0796A,CVTAF0000502
929AK3,CVTAF0000653
374AK6,CVTAF0000436
455AR2,CVTAF0000041
311DR8,CVTAF0001871
457AR2,CVTAF0000042
YC9365A,CVTAF0000259
835CR3,CVTAF0001202
648DT2,CVTAF0000888
283DX5,CVTAF0000087
093AE7,CVTAF0000118
124DT3,CVTAF0002116
744AE1,CVTAF0000131
YG6550A,CVTAF0000388
XY3343A,CVTAF0000027
321BZ4,CVTAF0001639
YFN917B,CVTAF0000050
XU74765,CVTAF0000280
YG6549A,CVTAF0000106
XW23639,CVTAF0000582
131DN4,CVTAF0000043
258ES4,CVTAF0000440
20AD6N,CVTAF0001225
504DM1,CVTAF0000919
783AP4,CVTAF0001872
672DR8,CVTAF0001667
28AR4J,CVTAF0001210
050AJ8,CVTAF0001843
71AP9G,CVTAF0000507
562DL2,CVTAF0001150
87AH7U,CVTAF0001118
329DT1,CVTAF0001523
YK9645A,CVTAF0000058
333DX7,CVTAF0000054
GY4183E,CVTAF0000853
18BJ7A,CVTAF0000987
XV1942A,CVTAF0000014
XW17153,CVTAF0001387
XY3454A,CVTAF0000286
277AU6,CVTAF0001768
XJ4588B,CVTAF0000449
XP8405A,CVTAF0000311
662DX6,CVTAF0000276
XH2361A,CVTAF0001757
YC7887A,CVTAF0000380
XN5893A,CVTAF0000463
73AD4N,CVTAF0001226
XW1347A,CVTAF0000537
20AX5A,CVTAF0001314
692ES3,CVTAF0000009
XK8704B,CVTAF0001733
5XDB24A,CVTAF0000048
583AR2,CVTAF0000361
XP8104A,CVTAF0001265
681AE1,CVTAF0000144
282DX5,CVTAF0000169
097AR2,CVTAF0000129
530DZ1,CVTAF0000476
LF44213,CVTAF0000926
XL0494A,CVTAF0001370
746AR2,CVTAF0001282
91BD8F,CVTAF0001124
963DJ2,CVTAF0001644
866DK1,CVTAF0000327
XL2663A,CVTAF0002087
137AG1,CVTAF0001533
140DJ5,CVTAF0001505
YA0982A,CVTAF0000718
983DM4,CVTAF0000003
XV95880,CVTAF0001297
XZ0904A,CVTAF0000771
YC0808A,CVTAF0000517
XH2408B,CVTAF0000775
511EZ5,CVTAF0001752
395DK9,CVTAF0000012
396AE3,CVTAF0000148
XN3611A,CVTAF0000473
838AP8,CVTAF0001275
691ES3,CVTAF0000010
234ES3,CVTAF0000070
XR35323,CVTAF0000184
096EB2,CVTAF0001722
70AF9S,CVTAF0001205
778DE6,CVTAF0002128
80AS6S,CVTAF0000413
474AK8,CVTAF0001941
93AG6B,CVTAF0001908
930DD7,CVTAF0000403
YHZ8947,CVTAF0000787
XW23778,CVTAF0001106
06AD7E,CVTAF0001149
089AR2,CVTAF0001236
XU76083,CVTAF0000337
031BZ4,CVTAF0000959
27AR4J,CVTAF0001963
XV42416,CVTAF0000266
93AT7C,CVTAF0001635
881AR1,CVTAF0000162
56BB7N,CVTAF0001618
XV40034,CVTAF0000636
48AD7E,CVTAF0000874
XU75392,CVTAF0000483
023AK4,CVTAF0000141
022AK4,CVTAF0000134
YA0792A,CVTAF0001427
YB9575A,CVTAF0000236
52BE7A,CVTAF0001323
XU20155,CVTAF0001680
724DX2,CVTAF0001125
286AR2,CVTAF0001572
052AE9,CVTAF0000071
055AE9,CVTAF0000074
303AK5,CVTAF0000990
YC0994A,CVTAF0000625
719AR2,CVTAF0000863
388ES3,CVTAF0000163
602AR2,CVTAF0000560
879AR1,CVTAF0000086
09AS3T,CVTAF0001051
882AR1,CVTAF0000040
878AR1,CVTAF0000032
11BB1P,CVTAF0000381
126DN4,CVTAF0001970
YB9063A,CVTAF0000243
937AR2,CVTAF0001050
XP2004A,CVTAF0000901
XT40886,CVTAF0000532
485AK5,CVTAF0000807
97AD6E,CVTAF0000158
054AE9,CVTAF0000072
539AR1,CVTAF0000886
70AM8C,CVTAF0000890
561DL2,CVTAF0001274
YG6548A,CVTAF0001021
293AG7,CVTAF0001960
337ES1,CVTAF0001578
XV42318,CVTAF0000758
151DJ9,CVTAF0000156
350AT9,CVTAF0001984
235ES3,CVTAF0000069
868AT4,CVTAF0000036
39AJ4W,CVTAF0001256
47AD7E,CVTAF0001942
XJ4436B,CVTAF0000017
167AT9,CVTAF0001554
56AF9S,CVTAF0000624
495DX2,CVTAF0001276
XT79186,CVTAF0000318
565DL2,CVTAF0001320
YC2103A,CVTAF0000257
908DD7,CVTAF0001904
263ES3,CVTAF0001922
54AS3T,CVTAF0001266
386ES3,CVTAF0001206
15BD6J,CVTAF0001321
YC0576A,CVTAF0000321
YC0561A,CVTAF0000572
XV42417,CVTAF0000479
XW23023,CVTAF0000876
YRA689B,CVTAF0001782
880AR1,CVTAF0000204
YC0581A,CVTAF0000580
347AT9,CVTAF0001811
949FC8,CVTAF0000730
556DL2,CVTAF0001842
XV44530,CVTAF0000101
XU77360,CVTAF0000172
XT13638,CVTAF0000347
XT79282,CVTAF0000197
XV42415,CVTAF0001181
XW23697,CVTAF0000474
22AR4J,CVTAF0001213
152AK2,CVTAF0001968
279ET3,CVTAF0000199
75AZ2P,CVTAF0001659
718AJ9,CVTAF0001475
210ET3,CVTAF0000873
KY82553,CVTAF0000666
342ED7,CVTAF0001786
848ET2,CVTAF0000056
YD0841A,CVTAF0000217
YB9012A,CVTAF0000191
YC9221A,CVTAF0000291
YHH1339,CVTAF0000623
03BG9H,CVTAF0001551
XW29787,CVTAF0000399
448ES4,CVTAF0000940
XR5157A,CVTAF0001361
706ES5,CVTAF0000326
XU54218,CVTAF0000331
965AP2,CVTAF0000423
73AD2Z,CVTAF0000971
249DX7,CVTAF0001806
64AF5E,CVTAF0001649
490EP4,CVTAF0002119
666AN6,CVTAF0001597
XW29788,CVTAF0000334
XY4903A,CVTAF0000699
211AS1,CVTAF0000664
209ET3,CVTAF0000044
450ED4,CVTAF0001519
XW17337,CVTAF0000375
XW17133,CVTAF0000799
148DN2,CVTAF0000283
RK14170,CVTAF0001015
398AE3,CVTAF0000157
743EV5,CVTAF0000513
XV73642,CVTAF0000350
981EU8,CVTAF0000116
XP8406A,CVTAF0000458
339EU5,CVTAF0000670
651DR8,CVTAF0001328
713EV5,CVTAF0000045
956AP4,CVTAF0000994
XW76242,CVTAF0000206
319EW2,CVTAF0000035
321EW2,CVTAF0000322
25AR4J,CVTAF0001214
RX68413,CVTAF0001726
462ES4,CVTAF0001303
056AE9,CVTAF0000075
XV73614,CVTAF0001553
YB9478A,CVTAF0001739
SJ94209,CVTAF0000023
XP7872A,CVTAF0000433
NV6454B,CVTAF0000308
XS26329,CVTAF0000723
674ES1,CVTAF0000697
YD1566A,CVTAF0000659
489ES6,CVTAF0001128
20AX4A,CVTAF0001019
XU95283,CVTAF0000814
YAL326B,CVTAF0000244
706EV5,CVTAF0000137
84AK7L,CVTAF0001653
XP7873A,CVTAF0000229
302ES6,CVTAF0000469
13AX4A,CVTAF0001633
94BG1J,CVTAF0001356
RU6761A,CVTAF0000726
XV73455,CVTAF0000577
389ES4,CVTAF0000019
YD0269A,CVTAF0001404
YM2417A,CVTAF0000680
50AR5N,CVTAF0000967
069ET9,CVTAF0001405
960AR2,CVTAF0000121
004ED3,CVTAF0001514
388ES4,CVTAF0000037
170AM7,CVTAF0000681
XW22007,CVTAF0000514
020EX3,CVTAF0000556
XW01769,CVTAF0000779
946AE2,CVTAF0001133
386ES4,CVTAF0000011
670AK5,CVTAF0001062
XV0850A,CVTAF0001599
852AK4,CVTAF0000929
935EU8,CVTAF0000495
387ES4,CVTAF0000053
XR5164B,CVTAF0000319
282AS4,CVTAF0001701
94AC3B,CVTAF0001446
XW20189,CVTAF0000293
788AP3,CVTAF0000437
73AJ2T,CVTAF0000506
656BZ1,CVTAF0001777
368AE3,CVTAF0000974
20AM4Y,CVTAF0001868
809EU7,CVTAF0000275
293AK2,CVTAF0001466
813AG5,CVTAF0001844
XW89576,CVTAF0000052
159CC8,CVTAF0000729
YC0132A,CVTAF0002014
XY3346A,CVTAF0000642
017EX3,CVTAF0000159
840DX6,CVTAF0000975
387ES1,CVTAF0001022
297EH9,CVTAF0000425
068AR2,CVTAF0000122
YA1006A,CVTAF0000810
LF45288,CVTAF0000219
YB9185A,CVTAF0000544
YB9183A,CVTAF0000349
YM6588A,CVTAF0001481
XW0412A,CVTAF0000415
912AL7,CVTAF0001433
61AT9Z,CVTAF0001222
94AG3A,CVTAF0000742
41AZ2M,CVTAF0001615
YA4776A,CVTAF0000986
787EX5,CVTAF0000702
13AR8E,CVTAF0001907
XK8628B,CVTAF0001151
5XDC27A,CVTAF0000405
1XEX442,CVTAF0001861
YA9214A,CVTAF0002077
XB9634A,CVTAF0000615
XJ4589B,CVTAF0000431
YJN8215,CVTAF0000732
760EX5,CVTAF0000621
XW28857,CVTAF0000709
321ES3,CVTAF0000491
294AR2,CVTAF0000346
680EE3,CVTAF0001486
RY8981B,CVTAF0001804
YD1454A,CVTAF0000485
YG6147A,CVTAF0000397
YA1400A,CVTAF0001343
XX0116A,CVTAF0000261
845EZ1,CVTAF0000547
XW29012,CVTAF0000587
RY8982B,CVTAF0000861
265XMR,CVTAF0001909
XR4962A,CVTAF0000234
008EV3,CVTAF0001697
501ED5,CVTAF0001863
086AF7,CVTAF0000907
83BA7M,CVTAF0001769
988DP7,CVTAF0001117
145EZ2,CVTAF0001088
857EZ1,CVTAF0000328
XV73616,CVTAF0000561
XX00445,CVTAF0000905
016DL5,CVTAF0001776
YA1526A,CVTAF0001979
XG1378B,CVTAF0000450
067AR2,CVTAF0001141
XP8479A,CVTAF0000558
XV73978,CVTAF0001270
YH9804A,CVTAF0000521
LE84071,CVTAF0000351
XX21445,CVTAF0001284
817GE9,CVTAF0001606
132EZ1,CVTAF0000398
XV8897A,CVTAF0001371
185AK7,CVTAF0000804
919DY1,CVTAF0001237
XW76192,CVTAF0000187
03AD7E,CVTAF0000407
815AK5,CVTAF0000895
103EC9,CVTAF0001675
XP7875A,CVTAF0000241
30AH9K,CVTAF0002151
27AD8H,CVTAF0001421
736AH1,CVTAF0001123
XW59308,CVTAF0000255
XP8758A,CVTAF0000575
WL15274,CVTAF0000606
YC0131A,CVTAF0001497
31BD4A,CVTAF0002167
36AA3M,CVTAF0001190
088DT3,CVTAF0001311
565AE1,CVTAF0000654
YH3364A,CVTAF0000233
RJ83038,CVTAF0000231
748EX5,CVTAF0000622
XV43354,CVTAF0000460
YKS2872,CVTAF0000289
XX15274,CVTAF0000325
XU8317A,CVTAF0000335
XM4279A,CVTAF0000262
550DL2,CVTAF0001957
XV73615,CVTAF0000196
RG11900,CVTAF0000511
017AF7,CVTAF0000300
LE82757,CVTAF0000264
XS4360A,CVTAF0000366
281EC8,CVTAF0001800
YC8538A,CVTAF0002027
861EZ1,CVTAF0000013
95BD4F,CVTAF0000982
594DM2,CVTAF0000125
YH6232A,CVTAF0000808
35AB9Z,CVTAF0001634
XJ4315B,CVTAF0000194
XX35731,CVTAF0000452
166EN5,CVTAF0001589
727EZ6,CVTAF0000676
68AD9P,CVTAF0001183
71AA8X,CVTAF0001725
UAN2563,CVTAF0000364
XX24149,CVTAF0000472
93AM4U,CVTAF0000998
XX05818,CVTAF0000736
5443ZP,CVTAF0000226
491EC6,CVTAF0001614
WZ7555A,CVTAF0000767
RM6190A,CVTAF0000453
VR43348,CVTAF0001928
XV44854,CVTAF0001921
XR8183B,CVTAF0000795
346DL2,CVTAF0002011
903DR3,CVTAF0000683
55AB2G,CVTAF0001368
XP7877A,CVTAF0000215
YB7181A,CVTAF0000912
73AD7E,CVTAF0001281
29AA1U,CVTAF0000941
YB9718A,CVTAF0000245
XW8228A,CVTAF0001476
XU63141,CVTAF0000768
XX24182,CVTAF0000393
89AD5X,CVTAF0001718
92AA7V,CVTAF0000617
RX14643,CVTAF0000785
XX22703,CVTAF0000439
48AC6P,CVTAF0000992
4XDB99A,CVTAF0001501
13AA8L,CVTAF0000698
YAY699B,CVTAF0000374
882AT6,CVTAF0001112
XW33088,CVTAF0000384
YG7375A,CVTAF0001318
XX05896,CVTAF0000103
XV50702,CVTAF0000914
58AA6M,CVTAF0000696
XT16724,CVTAF0001709
88AC6M,CVTAF0002110
HR4692F,CVTAF0000220
636YGE,CVTAF0000354
833AU1,CVTAF0000486
057AN7,CVTAF0000296
312DL7,CVTAF0000973
41AC1A,CVTAF0002140
20982,CVTAF0000100
XW23208,CVTAF0000102
YAK796B,CVTAF0000837
59AE5R,CVTAF0001959
XX24040,CVTAF0000305
06AG1Z,CVTAF0000847
16AB6F,CVTAF0000370
XX43869,CVTAF0000562
929AR2,CVTAF0000515
XX24155,CVTAF0000345
74AJ2T,CVTAF0000177
XX22955,CVTAF0002029
TC6711Z,CVTAF0000969
XV74744,CVTAF0000445
60BF2L,CVTAF0001716
YD1658A,CVTAF0000238
98AH9W,CVTAF0000828
XV84272,CVTAF0000769
19AD6N,CVTAF0001227
XX17606,CVTAF0000669
XV42196,CVTAF0000526
YD0196A,CVTAF0000304
943BR3,CVTAF0000688
35AA9V,CVTAF0001238
XW76384,CVTAF0000092
XG8888B,CVTAF0000843
YJ7945A,CVTAF0001582
SP64347,CVTAF0000682
XX14693,CVTAF0000613
YB9638A,CVTAF0000193
XK4676A,CVTAF0001316
292BZ3,CVTAF0000549
023EP3,CVTAF0000430
WN59579,CVTAF0000278
797EX5,CVTAF0000128
84AD9X,CVTAF0000970
YB9692A,CVTAF0000554
XX14691,CVTAF0000094
XV1950A,CVTAF0000809
XX22981,CVTAF0000466
XJ4316B,CVTAF0000573
XK1475A,CVTAF0000192
XU12429,CVTAF0001862
87AX8Y,CVTAF0001736
XN5794A,CVTAF0001766
567AK5,CVTAF0001209
XU73739,CVTAF0000530
XL0462A,CVTAF0000519
86AC5E,CVTAF0001591
YKX2767,CVTAF0000504
XX22957,CVTAF0000183
YC7843A,CVTAF0001342
XW23209,CVTAF0000161
172AR3,CVTAF0001333
16AM2Y,CVTAF0001278
82AD2J,CVTAF0001607
XW76345,CVTAF0000093
61AF7L,CVTAF0000626
12AA5V,CVTAF0000766
XP2929A,CVTAF0001879
XV42343,CVTAF0000104
127DT3,CVTAF0001273
XP7878A,CVTAF0001563
XP8197A,CVTAF0000323
XU54382,CVTAF0001092
XW19533,CVTAF0000376
14AB6F,CVTAF0000883
929AE3,CVTAF0000301
XW61145,CVTAF0001944
28AD5C,CVTAF0000928
YK0135A,CVTAF0001250
624DL2,CVTAF0001322
23AC8P,CVTAF0000881
60AF7L,CVTAF0001662
130EZ2,CVTAF0001408
LB50156,CVTAF0000704
59AD7E,CVTAF0000689
02AD6B,CVTAF0000493
41AD2D,CVTAF0000213
XT66611,CVTAF0000794
PP1250B,CVTAF0001348
YM6783A,CVTAF0001325
YBA646B,CVTAF0000935
XK8578B,CVTAF0000592
58AG6A,CVTAF0000824
YM6771A,CVTAF0001326
YC0116A,CVTAF0000915
53AY8J,CVTAF0001052
09AD7E,CVTAF0001774
XX56186,CVTAF0001143
VL9832B,CVTAF0000866
84AE9G,CVTAF0001319
46AG6A,CVTAF0000858
09AD8H,CVTAF0000909
89AF7F,CVTAF0001632
28AD1V,CVTAF0001410
50AL3A,CVTAF0001331
LF01156,CVTAF0001412
62AZ3M,CVTAF0002032
13AE4N,CVTAF0000672
XX41512,CVTAF0000614
42AG8H,CVTAF0001039
YB9693A,CVTAF0001355
49AL3A,CVTAF0001076
N11ASS,CVTAF0001734
68AA8X,CVTAF0001891
48AL3A,CVTAF0001081
XK6141B,CVTAF0001695
130FD7,CVTAF0000830
YK3968A,CVTAF0001163
YB9029A,CVTAF0000336
XXR745A,CVTAF0000737
95AF5E,CVTAF0001447
YA1811A,CVTAF0001727
69AG4M,CVTAF0000581
XU52468,CVTAF0000175
YH2833A,CVTAF0000588
YG6583A,CVTAF0001418
88AY1C,CVTAF0001445
64AG6A,CVTAF0001790
MWU1183,CVTAF0000509
XYC354A,CVTAF0000633
189EG2,CVTAF0001406
XZM570B,CVTAF0000565
YK3986A,CVTAF0000512
YH5056A,CVTAF0000616
XR4963A,CVTAF0001654
53AE9G,CVTAF0001835
YB9775A,CVTAF0001513
RW0915A,CVTAF0000902
2XDB23A,CVTAF0001966
421DX1,CVTAF0000773
NZT9567,CVTAF0001451
SN89382,CVTAF0000639
LF73625,CVTAF0000727
XX52160,CVTAF0000201
XG3435B,CVTAF0001403
54AY8J,CVTAF0001047
83BK3H,CVTAF0001585
YM6888A,CVTAF0001623
XP8198A,CVTAF0001886
55AJ1E,CVTAF0001430
XX56184,CVTAF0000538
XX45494,CVTAF0000578
131FD7,CVTAF0000946
YH3766A,CVTAF0001624
XP5945A,CVTAF0000962
XV40090,CVTAF0001439
55AL3A,CVTAF0001070
26AG1U,CVTAF0002025
XH4347B,CVTAF0002108
XX54029,CVTAF0000910
326EP4,CVTAF0000583
636AH4,CVTAF0000584
83AU2W,CVTAF0001684
77AF2V,CVTAF0001189
07AD7E,CVTAF0001958
XW69569,CVTAF0000802
YA7111A,CVTAF0001251
52AB4S,CVTAF0000891
68AF4D,CVTAF0000251
343AS9,CVTAF0000724
93AC8J,CVTAF0000925
65AA8L,CVTAF0001672
15AD8H,CVTAF0000893
SP17051,CVTAF0001337
XK5201A,CVTAF0000607
55AE9G,CVTAF0000288
751EY7,CVTAF0000645
56AE9G,CVTAF0000420
47AL3A,CVTAF0001079
72AM7A,CVTAF0001434
64AF7L,CVTAF0001228
74BA3C,CVTAF0000813
YB8509A,CVTAF0000210
XZC359A,CVTAF0000609
3XDA99A,CVTAF0001600
XL0451A,CVTAF0001436
XW16919,CVTAF0000964
989DX4,CVTAF0000665
XE2498A,CVTAF0001153
749EX5,CVTAF0000618
4XDB88A,CVTAF0000838
XW31800,CVTAF0000916
VL9831B,CVTAF0000612
XP7874A,CVTAF0001853
DB0467A,CVTAF0000997
22BC6A,CVTAF0001995
XF0602A,CVTAF0001246
20BA2E,CVTAF0001053
XG1247A,CVTAF0001422
603AK6,CVTAF0001085
1XFC879,CVTAF0001940
XG3873A,CVTAF0000566
411AE3,CVTAF0001721
XX14693-2,CVTAF0000096
14AG1Z,CVTAF0001168
XG6616A,CVTAF0016329
40AJ7M,CVTAF0001991
04AD2V,CVTAF0001859
LG21051,CVTAF0001472
37BH8B,CVTAF0002154
5XDB25A,CVTAF0000047
XS1008A,CVTAF0001468
PJ5109A,CVTAF0001564
XW18609,CVTAF0001094
VY5717C,CVTAF0001613
XG8874B,CVTAF0002075
83AH1M,CVTAF0001737
24AH5U,CVTAF0001193
54AB1F,CVTAF0001682
XP7876A,CVTAF0001521
21AU2W,CVTAF0001029
XF8936A,CVTAF0001122
MWA4942,CVTAF0002085
905FE3,CVTAF0001164
62AT9Z,CVTAF0001223
08AK5T,CVTAF0001329
73AK2A,CVTAF0001233
16AU2W,CVTAF0001030
XH7301A,CVTAF0000589
92AP6K,CVTAF0001881
23AK9M,CVTAF0001152
XH8029A,CVTAF0000603
XJ4284A,CVTAF0001312
52AL3A,CVTAF0001072
62BB9R,CVTAF0001184
52AG5M,CVTAF0001261
ACB572A,CVTAF0001448
YM6335A,CVTAF0001778
UMA335F,CVTAF0001890
88AH7U,CVTAF0001758
PL7793A,CVTAF0001474
YFY353B,CVTAF0001664
69AJ9D,CVTAF0001229
53AL3A,CVTAF0001087
78BG5H,CVTAF0002165
54AL3A,CVTAF0001084
57AL3A,CVTAF0001071
PM4297A,CVTAF0002145
82AK4M,CVTAF0001230
55AY8J,CVTAF0001043
24AR4J,CVTAF0001216
26AD6N,CVTAF0001054
XK1462A,CVTAF0001636
66AL1S,CVTAF0001194
84AA5V,CVTAF0001286
XH7341A,CVTAF0001978
93AM5H,CVTAF0001369
635EV9,CVTAF0001093
020DL5,CVTAF0001104
59AY8J,CVTAF0001045
RV1585B,CVTAF0001580
19BA2E,CVTAF0001132
XH7397A,CVTAF0000590
LG09307,CVTAF0001784
95AK7W,CVTAF0001231
XG1087B,CVTAF0001858
81AL4G,CVTAF0001887
91AK7W,CVTAF0001204
40AH8W,CVTAF0000885
LD67450,CVTAF0001767
58AE8G,CVTAF0002146
07AR9E,CVTAF0001068
36AK4M,CVTAF0001166
61AY8J,CVTAF0001046
29AJ9M,CVTAF0001296
18AU2W,CVTAF0001399
76AH3X,CVTAF0001494
SN70447,CVTAF0002030
738EW4,CVTAF0001674
XH2183A,CVTAF0001174
XH2240A,CVTAF0000593
XH3665A,CVTAF0001098
PL2096A,CVTAF0001723
XH7354A,CVTAF0000591
XM0371B,CVTAF0000601
21BA2E,CVTAF0001004
61AJ9D,CVTAF0001851
XF6255A,CVTAF0001787
41AH8W,CVTAF0000887
53AG5M,CVTAF0001306
XH7460A,CVTAF0000707
RJ45372,CVTAF0001377
UBD9473,CVTAF0000798
XX0564A,CVTAF0002118
RH65912,CVTAF0001162
21AL4D,CVTAF0001221
62AM3G,CVTAF0001220
7XDC74A,CVTAF0000839
R06BFH,CVTAF0001144
XA5248A,CVTAF0001154
XA5247A,CVTAF0001156
XK4560A,CVTAF0001651
XH7492A,CVTAF0001996
YB9364A,CVTAF0001264
23AR4J,CVTAF0001217
XK1638A,CVTAF0001001
16AM5L,CVTAF0001465
XN4593A,CVTAF0001253
60AY8J,CVTAF0001048
19AJ7E,CVTAF0001379
KS5696A,CVTAF0002097
70AR6G,CVTAF0001196
61AL5W,CVTAF0001827
60AL5W,CVTAF0002002
297EZ2,CVTAF0001064
61AP1H,CVTAF0001009
587EV3,CVTAF0001712
HC7597G,CVTAF0001031
PS4272A,CVTAF0002084
XN4245A,CVTAF0001010
929AF6,CVTAF0001593
360DL2,CVTAF0001267
14AM6G,CVTAF0001198
NC9918A,CVTAF0001449
XH7439A,CVTAF0001517
XN4986A,CVTAF0002080
17AP8N,CVTAF0001772
51474,CVTAF0001034
745EF7,CVTAF0001605
61AG5M,CVTAF0001652
36AK4F,CVTAF0001750
91AK3A,CVTAF0001147
HB7065D,CVTAF0001825
98AM9Y,CVTAF0001197
51472,CVTAF0001032
51473,CVTAF0001033
18AP2E,CVTAF0001459
PM0839A,CVTAF0001499
298EZ2,CVTAF0001078
HA2827E,CVTAF0001360
XN4424A,CVTAF0001832
98AD7E,CVTAF0001058
230ET3,CVTAF0001374
86AM3L,CVTAF0001359
YFA957A,CVTAF0000764
23AL5W,CVTAF0001560
99AD7E,CVTAF0001244
XL3791A,CVTAF0001285
XJ4391B,CVTAF0001796
XW5150A,CVTAF0002120
15AU2W,CVTAF0001169
XV5458A,CVTAF0001364
YM6351A,CVTAF0001103
NV1192B,CVTAF0001109
70AJ9G,CVTAF0001902
21AF2A,CVTAF0001407
XT76007,CVTAF0001574
73AR5P,CVTAF0001432
96AL7Y,CVTAF0001642
91AF3F,CVTAF0001824
XG6845A,CVTAF0001423
XN9160A,CVTAF0001363
MYL7831,CVTAF0001248
25BA1E,CVTAF0001171
XS5344A,CVTAF0001743
XJ6862A,CVTAF0001101
69AR6G,CVTAF0001195
29AP2G,CVTAF0001696
75AR7E,CVTAF0001090
XN4423A,CVTAF0002018
NV1188B,CVTAF0001294
33AN9U,CVTAF0001559
863AN6,CVTAF0001170
08AD8E,CVTAF0001489
XJ5952A,CVTAF0001527
85AK4M,CVTAF0001131
14BC6C,CVTAF0001643
XV8786A,CVTAF0001912
374ED7,CVTAF0001829
XJ5966A,CVTAF0001746
XU8575A,CVTAF0001415
33AR1G,CVTAF0001324
26AR4J,CVTAF0001211
80AJ3T,CVTAF0001137
49AM2Y,CVTAF0001383
320ES3,CVTAF0001041
62AM5Y,CVTAF0001277
14AL9K,CVTAF0001428
221EU2,CVTAF0001714
SP17052,CVTAF0001115
37AM7Y,CVTAF0001967
NV1538B,CVTAF0001299
24AR4F,CVTAF0001073
10AY2X,CVTAF0001028
88AL7Y,CVTAF0001641
45BA6D,CVTAF0001490
68BD8F,CVTAF0001367
85AL9C,CVTAF0001268
CZ6047H,CVTAF0001822
296EZ2,CVTAF0001258
95AN3R,CVTAF0001159
51476,CVTAF0001036
51475,CVTAF0001035
50AA3V,CVTAF0001145
86AK4M,CVTAF0001049
06AZ3N,CVTAF0001763
75AR8U,CVTAF0001893
XT5647A,CVTAF0001877
PS4273A,CVTAF0001279
804ED3,CVTAF0001208
65AT2D,CVTAF0002083
NV1190B,CVTAF0001160
87AP5P,CVTAF0001121
YUN124B,CVTAF0001637
69AD3B,CVTAF0001854
XK1224A,CVTAF0001096
19AL5W,CVTAF0001810
94AN3R,CVTAF0001173
WY6822D,CVTAF0002138
XL0463A,CVTAF0001352
04AN7J,CVTAF0001840
XC2158A,CVTAF0001165
SN63249,CVTAF0002166
YC0037A,CVTAF0001648
522DL1,CVTAF0001595
XG2712A,CVTAF0001898
80AM8C,CVTAF0001307
80AC3U,CVTAF0001620
85AC6J,CVTAF0001082
32AT3F,CVTAF0001524
XT7296A,CVTAF0001438
43AZ3Z,CVTAF0001604
03AU6C,CVTAF0001212
YH4873A,CVTAF0001317
96AU4B,CVTAF0001655
10AL3D,CVTAF0001783
49AH8W,CVTAF0002061
SBN2719,CVTAF0001548
RY91550,CVTAF0001715
79AS7S,CVTAF0001042
XR5400A,CVTAF0001460
202209,CVTAF0002095
06AS8S,CVTAF0001384
80AG6J,CVTAF0001650
19AX4A,CVTAF0001038
81AS4B,CVTAF0001134
65AS7S,CVTAF0001011
PVR872D,CVTAF0001647
16AP3H,CVTAF0001066
XN8089B,CVTAF0001785
06AR4A,CVTAF0001814
10AS3T,CVTAF0001545
XZ5723A,CVTAF0001656
XR1584B,CVTAF0001180
49AG9H,CVTAF0001869
3XDA62A,CVTAF0001440
43AP1H,CVTAF0001232
62AT5X,CVTAF0001943
51210,CVTAF0001037
36AT7Y,CVTAF0001129
XD6704A,CVTAF0001586
PP0063A,CVTAF0001136
GY9166F,CVTAF0001385
PBY3821,CVTAF0001353
03AR8J,CVTAF0001199
XT1789A,CVTAF0001298
XW8162A,CVTAF0001573
94AP4G,CVTAF0001608
78AT4K,CVTAF0001880
79AR8F,CVTAF0001002
GX7599E,CVTAF0001272
69AN6R,CVTAF0001260
32AT1L,CVTAF0001346
VV3858B,CVTAF0001897
14AT6F,CVTAF0001245
65AG9G,CVTAF0001288
42AP1H,CVTAF0001239
63AJ3T,CVTAF0001200
XX3410A,CVTAF0001207
68AN6R,CVTAF0001259
03AM1D,CVTAF0001308
XY3060A,CVTAF0001565
SP12838,CVTAF0001469
XV1477A,CVTAF0001293
XV5292A,CVTAF0001934
XU1523A,CVTAF0001099
12AX4C,CVTAF0001903
87AT9H,CVTAF0001596
02AS5B,CVTAF0001186
99AR9E,CVTAF0001069
98BE5P,CVTAF0002136
LF50727,CVTAF0001945
SM70551,CVTAF0001504
XT6526A,CVTAF0001437
60AS5Y,CVTAF0001218
RY74262,CVTAF0001937
XW3621A,CVTAF0001350
XT55067,CVTAF0001177
01AD8E,CVTAF0001055
XK2992A,CVTAF0001707
33AU6C,CVTAF0002141
88AT1F,CVTAF0001781
96AD7E,CVTAF0001845
XV8943A,CVTAF0001464
10AS9C,CVTAF0001679
08AS3T,CVTAF0001020
30AS4B,CVTAF0001309
61AS5Y,CVTAF0001219
07AD8E,CVTAF0001927
53AR2P,CVTAF0001795
113DK2,CVTAF0001528
76AP9G,CVTAF0001091
48AF9S,CVTAF0001040
50AM1J,CVTAF0002153
70BD7H,CVTAF0001882
95AR3F,CVTAF0001007
05AS6S,CVTAF0001547
06AU7L,CVTAF0001788
XF0649A,CVTAF0000171
40AT7Y,CVTAF0001215
581ED7,CVTAF0001577
47AE8G,CVTAF0001148
90AT1W,CVTAF0001182
54AR2P,CVTAF0001380
RJ53079,CVTAF0001349
07AJ9D,CVTAF0001305
LE80694,CVTAF0001247
XN4683A,CVTAF0001932
YL4450A,CVTAF0001269
81AG6J,CVTAF0001670
18AX4A,CVTAF0001006
57AS4U,CVTAF0001751
82AR3F,CVTAF0001086
YK0888A,CVTAF0001167
XS6601B,CVTAF0001362
920AK5,CVTAF0001535
79AR3F,CVTAF0001005
XJ3867A,CVTAF0000585
XX3146A,CVTAF0001471
XX3367A,CVTAF0001271
22AY6K,CVTAF0001335
X47BMW,CVTAF0001500
YK5010A,CVTAF0002132
77AP3G,CVTAF0001819
34AX2A,CVTAF0001059
YC0384A,CVTAF0001850
YC0130A,CVTAF0002122
082CX9,CVTAF0001456
37AX4A,CVTAF0001878
35AX2A,CVTAF0001065
PW9457A,CVTAF0001435
RR5772A,CVTAF0001780
44AY5B,CVTAF0001923
XV2818A,CVTAF0001740
XH1403A,CVTAF0001425
531EY5,CVTAF0001865
22AR6L,CVTAF0001583
YE2986A,CVTAF0001467
YH2787A,CVTAF0002079
98AY7J,CVTAF0001885
75AS6T,CVTAF0001982
11AY5T,CVTAF0001873
XJ9385B,CVTAF0002015
4XDC49A,CVTAF0001557
XJ3827A,CVTAF0002091
70AS1V,CVTAF0001400
XX22862,CVTAF0001416
VN2427B,CVTAF0001735
189ED2,CVTAF0001612
YA1523A,CVTAF0001690
95AY7J,CVTAF0001381
YM1698A,CVTAF0002096
YA1525A,CVTAF0001981
32AX6U,CVTAF0001411
YB9395A,CVTAF0001417
RF6345A,CVTAF0001461
XK4262B,CVTAF0001570
53BB5N,CVTAF0001933
74AY7J,CVTAF0001262
74AY6K,CVTAF0001663
VN2733B,CVTAF0001485
48AT8Z,CVTAF0001241
76AX4A,CVTAF0001240
52AS6U,CVTAF0001820
YH2820A,CVTAF0001419
90AS2B,CVTAF0001818
59AU8L,CVTAF0001889
YF6028A,CVTAF0001336
YF2248A,CVTAF0001744
YM3401A,CVTAF0001420
13BA9B,CVTAF0001803
610DX8,CVTAF0001566
27AS2P,CVTAF0001846
YMU409A,CVTAF0001626
XZ3601A,CVTAF0000882
YB9416A,CVTAF0001257
XT1674A,CVTAF0001338
XW51248,CVTAF0001522
29AS4B,CVTAF0001263
YM6591A,CVTAF0002034
XL0353B,CVTAF0001579
46AY6K,CVTAF0001779
44AP7K,CVTAF0001988
44AY4K,CVTAF0001187
42AZ5P,CVTAF0002170
XF1962A,CVTAF0001520
XJ2195B,CVTAF0001558
YB9013A,CVTAF0001910
YM6465A,CVTAF0001711
YA1527A,CVTAF0002016
XT5680A,CVTAF0001762
08AM1B,CVTAF0001575
78AC6J,CVTAF0001492
65AR1F,CVTAF0001660
31AY4K,CVTAF0001538
38AY4K,CVTAF0001539
33AY4K,CVTAF0001529
52AX4A,CVTAF0001234
74BA1D,CVTAF0001532
YA1114A,CVTAF0001340
31AF4E,CVTAF0001060
XW4215A,CVTAF0001849
13AY8K,CVTAF0001530
YH2786A,CVTAF0001899
36BE2A,CVTAF0001801
YC9426A,CVTAF0001491
10AM1B,CVTAF0002001
YC0636A,CVTAF0001508
XK4427A,CVTAF0001638
36AN2Z,CVTAF0001375
YA1401A,CVTAF0001838
95AT7H,CVTAF0001576
YM4954A,CVTAF0001748
35AZ8U,CVTAF0001678
87AY7R,CVTAF0001592
45AY4K,CVTAF0001493
35AJ9D,CVTAF0001906
XN4422A,CVTAF0001817
XN4664A,CVTAF0001831
S30BLB,CVTAF0001543
CX6939D,CVTAF0001484
28BE7L,CVTAF0001658
73AY6K,CVTAF0001518
10AD7E,CVTAF0001509
27AX6A,CVTAF0001526
12BA1N,CVTAF0001802
36BA1N,CVTAF0001789
LF74304,CVTAF0001732
YH3094A,CVTAF0001646
LF45662,CVTAF0001594
PL8465B,CVTAF0001478
XK2890B,CVTAF0001661
XL0881B,CVTAF0001901
21AV6D,CVTAF0001688
36AY4K,CVTAF0001541
SP68324,CVTAF0001900
32AY4K,CVTAF0001540
96AY7J,CVTAF0001925
84BA8W,CVTAF0001847
36AX2A,CVTAF0001140
VV2064B,CVTAF0001916
3SWF72A,CVTAF0001555
54BA1D,CVTAF0001536
47AY4K,CVTAF0001537
73AX9Y,CVTAF0002004
46AY4K,CVTAF0001480
51BA6D,CVTAF0001875
XJ7294B,CVTAF0001759
27AY5U,CVTAF0001645
XJ9694B,CVTAF0001442
99AY9J,CVTAF0001487
XH0059B,CVTAF0001929
XL5722B,CVTAF0001622
XM9404B,CVTAF0001765
07RB3X,CVTAF0001705
78AY8K,CVTAF0001631
69AY4S,CVTAF0001388
40BA1N,CVTAF0000604
XK9280B,CVTAF0001924
XX38070,CVTAF0001426
81AX1A,CVTAF0001552
65AX6A,CVTAF0001443
FY4560B,CVTAF0001860
XN4425A,CVTAF0002035
LF97786,CVTAF0001347
XN4421A,CVTAF0001931
YC0634A,CVTAF0001372
XM0117B,CVTAF0002152
51AM7D,CVTAF0001611
67AA6B,CVTAF0001584
45AR1M,CVTAF0001867
97AY7J,CVTAF0001254
79AP5Z,CVTAF0001834
XV8797A,CVTAF0001249
YM6967A,CVTAF0002094
24AT9Z,CVTAF0001126
34AY4K,CVTAF0001483
TE8639G,CVTAF0001495
42AY4W,CVTAF0001852
93AZ8W,CVTAF0001821
10AK4A,CVTAF0001409
XP82367,CVTAF0001414
YC0442A,CVTAF0001864
YC9546A,CVTAF0001339
YG6108A,CVTAF0001987
50FA9B,CVTAF0001502
25AY5U,CVTAF0001463
YH3817A,CVTAF0001365
YD9360A,CVTAF0001498
23AT9Z,CVTAF0001130
XV8640A,CVTAF0001287
XC10077,CVTAF0001506
XL9376B,CVTAF0001619
86AX4A,CVTAF0001161
MW8816D,CVTAF0001837
YB8579A,CVTAF0001477
79AX4A,CVTAF0001389
54AU4V,CVTAF0001673
88BA2C,CVTAF0001515
23AF1T,CVTAF0001332
51AS3T,CVTAF0001561
XM3977B,CVTAF0001470
84BJ8N,CVTAF0001866
96BA1D,CVTAF0001568
16BA9D,CVTAF0001546
95BA9D,CVTAF0001948
XJ9580B,CVTAF0002081
98BB2W,CVTAF0001610
XJ9673B,CVTAF0001856
17AM3W,CVTAF0001713
04AJ8M,CVTAF0001747
35AJ7E,CVTAF0001965
XJ9590B,CVTAF0001569
49AM1J,CVTAF0001556
XM0485B,CVTAF0001935
XZV762A,CVTAF0002076
35AT8Z,CVTAF0001998
16AY8J,CVTAF0001531
30AV8C,CVTAF0001598
XJ9579B,CVTAF0002106
86AY8K,CVTAF0001836
XH1495A,CVTAF0001627
XK8807B,CVTAF0001915
64BA6D,CVTAF0001544
XM8008B,CVTAF0001657
YTK838B,CVTAF0001457
76AT7Y,CVTAF0001830
LF00241,CVTAF0001977
94BA9D,CVTAF0001628
LD94463,CVTAF0002101
ABG208E,CVTAF0001951
60BA9S,CVTAF0001809
LE19095,CVTAF0002013
20BD3G,CVTAF0002102
90AR3F,CVTAF0001571
48BB4N,CVTAF0001797
60BB2H,CVTAF0001807
XL1361B,CVTAF0001724
26BA4Z,CVTAF0001770
54BA1N,CVTAF0001962
XM0976B,CVTAF0001668
XM5496B,CVTAF0001823
91AR3F,CVTAF0001698
XM5740B,CVTAF0001826
58BC7T,CVTAF0001731
XG8858B,CVTAF0001905
XN5092A,CVTAF0001980
78AY7J,CVTAF0001952
39AT8Z,CVTAF0001771
XJ1376B,CVTAF0001816
89AS7T,CVTAF0001911
30AY2X,CVTAF0001683
67BB3X,CVTAF0001884
LE28312,CVTAF0002114
XM0412B,CVTAF0001812
LE48754,CVTAF0001895
YH9135A,CVTAF0001588
93AR3F,CVTAF0001630
90AY2K,CVTAF0001609
08BB7F,CVTAF0001756
34BB4H,CVTAF0001775
MNL842B,CVTAF0001973
01BD9Z,CVTAF0001997
536EF2,CVTAF0001956
XM5715B,CVTAF0001917
39BF2P,CVTAF0002169
26AV8G,CVTAF0001855
45AY7V,CVTAF0001640
XR5289A,CVTAF0002021
XR3581B,CVTAF0001710
281EY2,CVTAF0002157
XR4875B,CVTAF0002073
TB2760K,CVTAF0002112
XM9608B,CVTAF0001703
98BD7Z,CVTAF0001992
02BE8A,CVTAF0002003
70AF8X,CVTAF0002062
XM9052B,CVTAF0002093
51BE2A,CVTAF0000002
UMY986F,CVTAF0002017
XT6866A,CVTAF0002150
17AJ8M,CVTAF0002049
53BA1D,CVTAF0001791
36AL3S,CVTAF0001874
483AK5,CVTAF0002179
SR11561,CVTAF0002105
49AJ8M,CVTAF0002180
63BB3N,CVTAF0001798
LG05914,CVTAF0001983
06AY2X,CVTAF0001990
19AH2J,CVTAF0001985
XM7642B,CVTAF0002031
72BD4F,CVTAF0001699
251EY8,CVTAF0002052
NV6658B,CVTAF0002125
YMD490A,CVTAF0001975
248EY8,CVTAF0002042
31BB8N,CVTAF0001706
71RB3X,CVTAF0002098
LG28882,CVTAF0002099
30BD4N,CVTAF0002006
50BA1D,CVTAF0002063
XL1255B,CVTAF0002126
YF2122A,CVTAF0001964
PM8977A,CVTAF0001892
46AU6Y,CVTAF0001999
64BB3N,CVTAF0001702
XR0074B,CVTAF0001704
MUJ7859,CVTAF0002134
11BD4N,CVTAF0001961
10BF8A,CVTAF0002131
HR9036G,CVTAF0002133
12BC1D,CVTAF0002089
XM5495B,CVTAF0001741
89BG6W,CVTAF0002012
LE30636,CVTAF0001753
254EY8,CVTAF0002050
XS1029B,CVTAF0002090
YJ1168A,CVTAF0002008
XK5933B,CVTAF0002086
073AK7,CVTAF0001986
XK1608B,CVTAF0002155
27AV8G,CVTAF0001828
SP84505,CVTAF0001738
247EY8,CVTAF0002058
258EY8,CVTAF0002048
257EY8,CVTAF0002041
908FE3,CVTAF0002065
LGK247A,CVTAF0002156
NA3168D,CVTAF0002124
NB7314D,CVTAF0001918
56BD8F,CVTAF0001971
VL0450B,CVTAF0002074
46AD7H,CVTAF0002040
XN8007B,CVTAF0002173
77BD4F,CVTAF0001749
65BC2U,CVTAF0002010
VS9000B,CVTAF0002088
39BJ7A,CVTAF0002139
MBN668A,CVTAF0002174
XS5144B,CVTAF0001413
LG45141,CVTAF0002123
XN8057B,CVTAF0002070
YB3830A,CVTAF0002121
05AY2X,CVTAF0002037
NN7981C,CVTAF0002137
255EY8,CVTAF0002047
250EY8,CVTAF0002043
249EY8,CVTAF0002009
73AJ2N,CVTAF0002046
XM5493B,CVTAF0002104
26AP7D,CVTAF0001919
XL4890B,CVTAF0002036
XN4915A,CVTAF0002020
61AP7P,CVTAF0001914
XM0932B,CVTAF0001799
8759ZR,CVTAF0002064
98AS4W,CVTAF0002000
XS6566A,CVTAF0001742
47AJ8M,CVTAF0002039
84AY8L,CVTAF0002044
XS1031B,CVTAF0002069
17AJ3T,CVTAF0001761
81AS5T,CVTAF0002023
XR3969B,CVTAF0002022
XS2425B,CVTAF0002092
89AE3N,CVTAF0002068
36AT8Z,CVTAF0001920
20AL5W,CVTAF0002164
17AG8H,CVTAF0001694
XN4180B,CVTAF0001691
LE51335,CVTAF0001700
XG2640B,CVTAF0001708
XR4887B,CVTAF0002072
22BH8B,CVTAF0002071
19BB1P,CVTAF0001930
20XFA82,CVTAF0002109
95AX6A,CVTAF0002066
722FE5,CVTAF0002107
84BA5J,CVTAF0002019
NT4527B,CVTAF0001954
XR3598B,CVTAF0002082
SEU884A,CVTAF0002149
XT7956A,CVTAF0001516
43AG9H,CVTAF0001946
29BD1M,CVTAF0001717
XM9651B,CVTAF0001755
73BB9N,CVTAF0002038
98BC8Z,CVTAF0001719
60AP7P,CVTAF0001686
505AE2,CVTAF0002113
XR3980A,CVTAF0002144
NA3177D,CVTAF0002148
XW19726,CVTAF0001969
18BD5A,CVTAF0001939
38BC1G,CVTAF0001669
XR2633B,CVTAF0001974
38BD7Z,CVTAF0001993
73BG4J,CVTAF0002103
XR8061B,CVTAF0001685
XM5887B,CVTAF0001888
XM7499A,CVTAF0002078
LG87396,CVTAF0002100
74BE2R,CVTAF0001955
25BD5F,CVTAF0002005
NA3179D,CVTAF0002127
SU2030E,CVTAF0001300
58BE3S,CVTAF0002163
XM9770B,CVTAF0001972
83BB5A,CVTAF0002135
XM7879B,CVTAF0001745
W36BHD,CVTAF0002033
96AY7U,CVTAF0002129
XR9938B,CVTAF0002026
XL3406A,CVTAF0001730
03AY8K,CVTAF0001913
NB6568D,CVTAF0002130
32BG9Y,CVTAF0002111
68AG7A,CVTAF0001976
XK5984B,CVTAF0001989
VT3070B,CVTAF0002024
49BA1D,CVTAF0002067
91AV7F,CVTAF0001764
17BA9D,CVTAF0001792
02AT9Y,CVTAF0001947
86BD7Z,CVTAF0001994
53BE3R,CVTAF0002159
XV2715A,CVTAF0001693
909FE3,CVTAF0002060
K76BPB,CVTAF0002158
LG21354,CVTAF0002028
72BB9N,CVTAF0001692
84BG1J,CVTAF0002168
28AS4B,CVTAF0002172
79BF8F,CVTAF0002162
68AT9Y,CVTAF0002142
08BD4N,CVTAF0002161
83BG6X,CVTAF0002115
CV7696G,CVTAF0002117
BZZ413A,CVTAF0001382
XT8949B,CVTAF0002171
97BH9B,CVTAF0002160
XS7841B,CVTAF0002143
XS1412B,CVTAF0002147
